Country,Emissions,Year
Aruba,36.71,1970
Afghanistan,15437.43,1970
Angola,18998.76,1970
Anguilla,3.36,1970
Albania,8224.85,1970
Curaçao,15074.48,1970
United Arab Emirates,29766.02,1970
Argentina,219518.78,1970
Armenia,12672.1,1970
Antigua and Barbuda,158.37,1970
Australia,315026.95,1970
Austria,71810.87,1970
Azerbaijan,32715.95,1970
Burundi,1990.55,1970
Belgium,166993.96,1970
Benin,2382.56,1970
Burkina Faso,6469.93,1970
Bangladesh,124355.81,1970
Bulgaria,91517.33,1970
Bahrain,18391.88,1970
Bahamas,1559.53,1970
Bosnia and Herzegovina,16405.69,1970
Belarus,89042.13,1970
Belize,273.91,1970
Bermuda,161.24,1970
Bolivia,27011.13,1970
Brazil,349405.64,1970
Barbados,500.36,1970
Brunei,2779.26,1970
Bhutan,702.27,1970
Botswana,3380.54,1970
Central African Republic,1628.67,1970
Canada,466359.87,1970
Switzerland and Liechtenstein,51317.74,1970
Chile,50422.1,1970
China,2035096.63,1970
Ivory Coast,6374.11,1970
Cameroon,7415.15,1970
Democratic Republic of the Congo,11121.01,1970
Congo,2412.81,1970
Cook Islands,27.54,1970
Colombia,84709.14,1970
Comoros,221.89,1970
Cape Verde,228.29,1970
Costa Rica,5772.32,1970
Cuba,45796.58,1970
Cayman Islands,35.83,1970
Cyprus,2867.73,1970
Czech Republic,220406.14,1970
Germany,1325831.53,1970
Djibouti,982.58,1970
Dominica,32.21,1970
Denmark,80357.96,1970
Dominican Republic,9604.25,1970
Algeria,57188.79,1970
Ecuador,13650.53,1970
Egypt,60267.98,1970
Eritrea,4083.42,1970
Western Sahara,222.18,1970
Spain and Andorra,190473.06,1970
Estonia,25482.12,1970
Ethiopia,52777.51,1970
Finland,57953.64,1970
Fiji,1451.76,1970
Falkland Islands,155.74,1970
France and Monaco,636650.14,1970
Faroe Islands,44.94,1970
Gabon,6808.94,1970
United Kingdom,855073.77,1970
Georgia,30117.99,1970
Ghana,7010.45,1970
Gibraltar,81.88,1970
Guinea,5007.26,1970
Guadeloupe,411.65,1970
The Gambia,702.14,1970
Guinea-Bissau,759.62,1970
Equatorial Guinea,125.01,1970
Greece,45151.27,1970
Grenada,52.19,1970
Greenland,56.73,1970
Guatemala,8389.68,1970
French Guiana,112.43,1970
Guyana,5016.73,1970
Hong Kong,11616.28,1970
Honduras,5801.43,1970
Croatia,28526.37,1970
Haiti,6212.71,1970
Hungary,91088.11,1970
Indonesia,206332.55,1970
India,792811.36,1970
Ireland,39602.62,1970
Iran,220710.85,1970
Iraq,103843.45,1970
Iceland,3214.24,1970
Israel and State of Palestine,72660.04,1970
"Italy, San Marino and Holy See",394308.36,1970
Jamaica,9226.94,1970
Jordan,3581.23,1970
Japan,1016283.47,1970
Kazakhstan,267674.32,1970
Kenya,22740.16,1970
Kyrgyzstan,22994.23,1970
Cambodia,25581.65,1970
Kiribati,27.68,1970
Saint Kitts and Nevis,58.47,1970
South Korea,99677.83,1970
Kuwait,79436.18,1970
Laos,6904.21,1970
Lebanon,6769.55,1970
Liberia,1568.39,1970
Libya,137146.89,1970
Saint Lucia,76.89,1970
Sri Lanka,19081.32,1970
Lesotho,1905.73,1970
Lithuania,29607.7,1970
Luxembourg,20506.42,1970
Latvia,17275.44,1970
Macao,332.2,1970
Morocco,22248.8,1970
Moldova,23379.75,1970
Madagascar,20255.95,1970
Maldives,20.97,1970
Mexico,205603.04,1970
North Macedonia,12277.68,1970
Mali,11713.99,1970
Malta,790.31,1970
Myanmar,69475.9,1970
Mongolia,15751.43,1970
Mozambique,9591.37,1970
Mauritania,5648.99,1970
Martinique,363.12,1970
Mauritius,823.07,1970
Malawi,2387.28,1970
Malaysia,45307.12,1970
Namibia,6468.01,1970
New Caledonia,1351.7,1970
Niger,11065.78,1970
Nigeria,182189.71,1970
Nicaragua,8978.47,1970
Netherlands,178916.53,1970
Norway,53963.38,1970
Nepal,24945.11,1970
New Zealand,57070.69,1970
Oman,14842.39,1970
Pakistan,100145.27,1970
Panama,6182.43,1970
Peru,38167.51,1970
Philippines,87225.22,1970
Palau,2166.45,1970
Papua New Guinea,1946.07,1970
Poland,484223.3,1970
Puerto Rico,31445.37,1970
North Korea,98757.8,1970
Portugal,29607.56,1970
Paraguay,10405.15,1970
French Polynesia,193.12,1970
Qatar,23538.95,1970
Réunion,515.29,1970
Romania,174541.46,1970
Russia,1723159.42,1970
Rwanda,4231.77,1970
Saudi Arabia,80469.66,1970
Serbia and Montenegro,45956.69,1970
Sudan and South Sudan,38313.83,1970
Senegal,7766.22,1970
Singapore,7441.56,1970
"Saint Helena, Ascension and Tristan da Cunha",5.71,1970
Solomon Islands,152.16,1970
Sierra Leone,2936.6,1970
El Salvador,5510.36,1970
Somalia,18581.11,1970
Saint Pierre and Miquelon,41.47,1970
São Tomé and Príncipe,34.18,1970
Suriname,2027.91,1970
Slovakia,57623.34,1970
Slovenia,14772.86,1970
Sweden,114536.57,1970
Eswatini,1831.16,1970
Seychelles,130.05,1970
Syria,15643.52,1970
Turks and Caicos Islands,4.5,1970
Chad,8926.96,1970
Togo,1884.68,1970
Thailand,117924.48,1970
Tajikistan,14263.41,1970
Turkmenistan,28820.27,1970
East Timor,648.82,1970
Tonga,67.13,1970
Trinidad and Tobago,9098.38,1970
Tunisia,10473.55,1970
Turkey,99844.69,1970
Taiwan,52317.28,1970
Tanzania,19467.56,1970
Uganda,10902.09,1970
Ukraine,607125.21,1970
Uruguay,28859.99,1970
United States,5788649.39,1970
Uzbekistan,79737.48,1970
Saint Vincent and the Grenadines,45.69,1970
Venezuela,106494.38,1970
British Virgin Islands,15.77,1970
Vietnam,89762.49,1970
Vanuatu,292.25,1970
Samoa,157.8,1970
Yemen,5397.88,1970
South Africa,241122.29,1970
Zambia,12463.52,1970
Zimbabwe,21723.58,1970
Air transport,172478.02,1970
Sea transport,375869.28,1970
Aruba,219.98,1990
Afghanistan,12561.6,1990
Angola,31940.04,1990
Anguilla,7.9,1990
Albania,11493.15,1990
Curaçao,2843.33,1990
United Arab Emirates,79495.39,1990
Argentina,253796.44,1990
Armenia,24312.44,1990
Antigua and Barbuda,246.29,1990
Australia,460295.94,1990
Austria,80457.2,1990
Azerbaijan,67841.95,1990
Burundi,2892.23,1990
Belgium,140549.55,1990
Benin,3856.95,1990
Burkina Faso,11233.01,1990
Bangladesh,130095.29,1990
Bulgaria,103438.9,1990
Bahrain,29066.49,1990
Bahamas,1306.94,1990
Bosnia and Herzegovina,32807.89,1990
Belarus,139922.09,1990
Belize,472.54,1990
Bermuda,281.86,1990
Bolivia,29621.38,1990
Brazil,671576.27,1990
Barbados,859.93,1990
Brunei,5893.41,1990
Bhutan,1253.69,1990
Botswana,9183.52,1990
Central African Republic,7548.39,1990
Canada,581912.83,1990
Switzerland and Liechtenstein,54666.15,1990
Chile,58185.44,1990
China,3876387.77,1990
Ivory Coast,10274.84,1990
Cameroon,29846.34,1990
Democratic Republic of the Congo,25458.69,1990
Congo,10856.38,1990
Cook Islands,52.22,1990
Colombia,134681.26,1990
Comoros,329.64,1990
Cape Verde,213.45,1990
Costa Rica,9628.96,1990
Cuba,61890.04,1990
Cayman Islands,129.08,1990
Cyprus,5417.39,1990
Czech Republic,199978.5,1990
Germany,1235873.48,1990
Djibouti,1844.28,1990
Dominica,79.49,1990
Denmark,69047.89,1990
Dominican Republic,17276.14,1990
Algeria,135530.35,1990
Ecuador,37978.42,1990
Egypt,147661.97,1990
Eritrea,4675.01,1990
Western Sahara,403.6,1990
Spain and Andorra,297736.28,1990
Estonia,44463.17,1990
Ethiopia,62850.26,1990
Finland,72223.0,1990
Fiji,2208.88,1990
Falkland Islands,164.79,1990
France and Monaco,533013.81,1990
Faroe Islands,46.49,1990
Gabon,20397.61,1990
United Kingdom,760608.47,1990
Georgia,41870.86,1990
Ghana,10382.84,1990
Gibraltar,158.05,1990
Guinea,7799.64,1990
Guadeloupe,932.71,1990
The Gambia,948.91,1990
Guinea-Bissau,1655.85,1990
Equatorial Guinea,184.96,1990
Greece,99055.93,1990
Grenada,92.76,1990
Greenland,61.32,1990
Guatemala,13103.06,1990
French Guiana,366.13,1990
Guyana,3760.63,1990
Hong Kong,39196.12,1990
Honduras,9123.98,1990
Croatia,33448.31,1990
Haiti,7325.5,1990
Hungary,96749.67,1990
Indonesia,397098.83,1990
India,1383063.84,1990
Ireland,57250.19,1990
Iran,332715.69,1990
Iraq,172019.44,1990
Iceland,4411.89,1990
Israel and State of Palestine,41813.33,1990
"Italy, San Marino and Holy See",511706.58,1990
Jamaica,9197.66,1990
Jordan,12135.86,1990
Japan,1317217.96,1990
Kazakhstan,347015.7,1990
Kenya,38350.17,1990
Kyrgyzstan,33371.7,1990
Cambodia,19710.12,1990
Kiribati,33.4,1990
Saint Kitts and Nevis,59.88,1990
South Korea,325074.92,1990
Kuwait,50543.36,1990
Laos,8024.1,1990
Lebanon,7761.66,1990
Liberia,1710.75,1990
Libya,87055.24,1990
Saint Lucia,147.06,1990
Sri Lanka,21092.32,1990
Lesotho,2120.29,1990
Lithuania,46708.58,1990
Luxembourg,12916.23,1990
Latvia,27081.47,1990
Macao,1006.96,1990
Morocco,42461.53,1990
Moldova,37384.35,1990
Madagascar,23921.34,1990
Maldives,135.75,1990
Mexico,440315.01,1990
North Macedonia,14404.87,1990
Mali,12578.21,1990
Malta,2490.55,1990
Myanmar,67361.34,1990
Mongolia,25736.66,1990
Mozambique,8840.94,1990
Mauritania,6649.01,1990
Martinique,898.96,1990
Mauritius,1843.01,1990
Malawi,5872.27,1990
Malaysia,92336.04,1990
Namibia,6553.44,1990
New Caledonia,1928.58,1990
Niger,10763.08,1990
Nigeria,278306.9,1990
Nicaragua,10138.98,1990
Netherlands,223185.71,1990
Norway,54671.47,1990
Nepal,30403.1,1990
New Zealand,71269.29,1990
Oman,34959.5,1990
Pakistan,201491.84,1990
Panama,7045.99,1990
Peru,44654.78,1990
Philippines,101191.19,1990
Palau,2343.63,1990
Papua New Guinea,4065.37,1990
Poland,512853.34,1990
Puerto Rico,21746.79,1990
North Korea,167646.28,1990
Portugal,58519.1,1990
Paraguay,20804.66,1990
French Polynesia,947.83,1990
Qatar,26286.64,1990
Réunion,1157.48,1990
Romania,241355.14,1990
Russia,3065696.36,1990
Rwanda,5571.74,1990
Saudi Arabia,236538.29,1990
Serbia and Montenegro,85329.92,1990
Sudan and South Sudan,60615.13,1990
Senegal,9944.86,1990
Singapore,33756.29,1990
"Saint Helena, Ascension and Tristan da Cunha",13.31,1990
Solomon Islands,306.74,1990
Sierra Leone,4021.97,1990
El Salvador,7202.8,1990
Somalia,25571.67,1990
Saint Pierre and Miquelon,98.41,1990
São Tomé and Príncipe,82.35,1990
Suriname,2330.79,1990
Slovakia,75242.82,1990
Slovenia,21427.17,1990
Sweden,75094.22,1990
Eswatini,3219.16,1990
Seychelles,316.98,1990
Syria,63408.39,1990
Turks and Caicos Islands,9.17,1990
Chad,17155.5,1990
Togo,3306.6,1990
Thailand,217046.03,1990
Tajikistan,22011.39,1990
Turkmenistan,61306.07,1990
East Timor,518.73,1990
Tonga,194.65,1990
Trinidad and Tobago,15901.68,1990
Tunisia,23219.69,1990
Turkey,221694.4,1990
Taiwan,146683.87,1990
Tanzania,28654.95,1990
Uganda,15096.58,1990
Ukraine,968526.74,1990
Uruguay,29253.19,1990
United States,6209294.71,1990
Uzbekistan,164503.69,1990
Saint Vincent and the Grenadines,77.08,1990
Venezuela,163323.76,1990
British Virgin Islands,29.03,1990
Vietnam,104423.09,1990
Vanuatu,472.36,1990
Samoa,295.49,1990
Yemen,17505.49,1990
South Africa,406996.32,1990
Zambia,15481.79,1990
Zimbabwe,34348.03,1990
Air transport,264256.68,1990
Sea transport,395335.18,1990
Aruba,347.85,2000
Afghanistan,13915.67,2000
Angola,67023.25,2000
Anguilla,17.88,2000
Albania,7179.74,2000
Curaçao,5886.1,2000
United Arab Emirates,117235.89,2000
Argentina,288260.0,2000
Armenia,5942.38,2000
Antigua and Barbuda,225.14,2000
Australia,546510.35,2000
Austria,83514.06,2000
Azerbaijan,39855.72,2000
Burundi,2914.6,2000
Belgium,151198.96,2000
Benin,6014.08,2000
Burkina Faso,14080.52,2000
Bangladesh,146011.98,2000
Bulgaria,62443.3,2000
Bahrain,37586.07,2000
Bahamas,1258.01,2000
Bosnia and Herzegovina,19803.51,2000
Belarus,80014.59,2000
Belize,502.45,2000
Bermuda,177.63,2000
Bolivia,29388.11,2000
Brazil,898956.92,2000
Barbados,839.76,2000
Brunei,8525.24,2000
Bhutan,1426.39,2000
Botswana,10565.57,2000
Central African Republic,9145.19,2000
Canada,710373.53,2000
Switzerland and Liechtenstein,53593.0,2000
Chile,84429.83,2000
China,5242735.81,2000
Ivory Coast,16469.55,2000
Cameroon,30372.25,2000
Democratic Republic of the Congo,26785.71,2000
Congo,21647.81,2000
Cook Islands,74.54,2000
Colombia,153543.7,2000
Comoros,417.55,2000
Cape Verde,527.78,2000
Costa Rica,10951.7,2000
Cuba,48852.04,2000
Cayman Islands,150.61,2000
Cyprus,8125.96,2000
Czech Republic,158531.67,2000
Germany,1035378.25,2000
Djibouti,1865.96,2000
Dominica,115.09,2000
Denmark,69570.93,2000
Dominican Republic,28160.59,2000
Algeria,158333.69,2000
Ecuador,45555.16,2000
Egypt,196056.66,2000
Eritrea,5429.77,2000
Western Sahara,562.47,2000
Spain and Andorra,396603.0,2000
Estonia,20676.65,2000
Ethiopia,71807.04,2000
Finland,73727.18,2000
Fiji,2855.63,2000
Falkland Islands,154.72,2000
France and Monaco,540240.84,2000
Faroe Islands,46.01,2000
Gabon,27902.18,2000
United Kingdom,691041.76,2000
Georgia,11340.16,2000
Ghana,15269.78,2000
Gibraltar,358.29,2000
Guinea,11331.6,2000
Guadeloupe,873.71,2000
The Gambia,1258.97,2000
Guinea-Bissau,2006.34,2000
Equatorial Guinea,12010.71,2000
Greece,121054.97,2000
Grenada,103.61,2000
Greenland,59.4,2000
Guatemala,21666.03,2000
French Guiana,325.73,2000
Guyana,4702.3,2000
Hong Kong,46647.18,2000
Honduras,11443.06,2000
Croatia,25012.39,2000
Haiti,9653.06,2000
Hungary,77489.32,2000
Indonesia,562893.31,2000
India,1845452.2,2000
Ireland,74469.77,2000
Iran,512102.41,2000
Iraq,168338.13,2000
Iceland,3912.02,2000
Israel and State of Palestine,69034.52,2000
"Italy, San Marino and Holy See",543542.95,2000
Jamaica,11936.78,2000
Jordan,19725.12,2000
Japan,1391121.3,2000
Kazakhstan,177106.04,2000
Kenya,41282.35,2000
Kyrgyzstan,10909.27,2000
Cambodia,22718.96,2000
Kiribati,52.4,2000
Saint Kitts and Nevis,94.06,2000
South Korea,538536.88,2000
Kuwait,88056.41,2000
Laos,9771.92,2000
Lebanon,18162.22,2000
Liberia,2086.22,2000
Libya,91732.65,2000
Saint Lucia,213.44,2000
Sri Lanka,26122.06,2000
Lesotho,2660.76,2000
Lithuania,18440.44,2000
Luxembourg,9793.95,2000
Latvia,10192.02,2000
Macao,1539.81,2000
Morocco,56647.3,2000
Moldova,9871.88,2000
Madagascar,25848.88,2000
Maldives,703.34,2000
Mexico,566048.81,2000
North Macedonia,11411.47,2000
Mali,16469.2,2000
Malta,2343.41,2000
Myanmar,83218.28,2000
Mongolia,25144.24,2000
Mozambique,10848.55,2000
Mauritania,9136.96,2000
Martinique,829.68,2000
Mauritius,3242.01,2000
Malawi,8136.38,2000
Malaysia,163960.68,2000
Namibia,8340.5,2000
New Caledonia,2507.58,2000
Niger,16217.05,2000
Nigeria,405319.76,2000
Nicaragua,13008.2,2000
Netherlands,225073.32,2000
Norway,56878.07,2000
Nepal,34298.69,2000
New Zealand,81266.98,2000
Oman,52060.06,2000
Pakistan,279346.34,2000
Panama,9772.03,2000
Peru,58228.87,2000
Philippines,138307.04,2000
Palau,2241.12,2000
Papua New Guinea,6075.22,2000
Poland,414864.66,2000
Puerto Rico,27849.37,2000
North Korea,101238.47,2000
Portugal,80877.21,2000
Paraguay,24881.76,2000
French Polynesia,819.7,2000
Qatar,59998.19,2000
Réunion,2340.21,2000
Romania,130761.46,2000
Russia,2089101.89,2000
Rwanda,3983.37,2000
Saudi Arabia,350221.51,2000
Serbia and Montenegro,65839.81,2000
Sudan and South Sudan,94849.4,2000
Senegal,13568.52,2000
Singapore,57244.92,2000
"Saint Helena, Ascension and Tristan da Cunha",14.25,2000
Solomon Islands,413.71,2000
Sierra Leone,3581.47,2000
El Salvador,10363.9,2000
Somalia,28168.43,2000
Saint Pierre and Miquelon,23.45,2000
São Tomé and Príncipe,114.82,2000
Suriname,2519.63,2000
Slovakia,51492.75,2000
Slovenia,20416.64,2000
Sweden,75612.66,2000
Eswatini,3254.33,2000
Seychelles,825.05,2000
Syria,84955.04,2000
Turks and Caicos Islands,25.7,2000
Chad,26672.78,2000
Togo,4798.45,2000
Thailand,293942.68,2000
Tajikistan,10506.05,2000
Turkmenistan,59690.81,2000
East Timor,925.69,2000
Tonga,209.38,2000
Trinidad and Tobago,23469.35,2000
Tunisia,31628.7,2000
Turkey,314190.42,2000
Taiwan,259411.81,2000
Tanzania,38739.22,2000
Uganda,19419.89,2000
Ukraine,454530.68,2000
Uruguay,34204.42,2000
United States,7203334.42,2000
Uzbekistan,167616.34,2000
Saint Vincent and the Grenadines,92.72,2000
Venezuela,222224.0,2000
British Virgin Islands,39.74,2000
Vietnam,164302.96,2000
Vanuatu,529.03,2000
Samoa,363.69,2000
Yemen,32425.61,2000
South Africa,451249.38,2000
Zambia,14828.98,2000
Zimbabwe,32470.94,2000
Air transport,360055.44,2000
Sea transport,535208.07,2000
Aruba,528.33,2010
Afghanistan,26937.01,2010
Angola,69600.98,2010
Anguilla,27.11,2010
Albania,8048.23,2010
Curaçao,4440.2,2010
United Arab Emirates,209712.97,2010
Argentina,331467.69,2010
Armenia,7004.3,2010
Antigua and Barbuda,346.86,2010
Australia,604604.03,2010
Austria,88933.58,2010
Azerbaijan,44944.5,2010
Burundi,4140.53,2010
Belgium,139623.97,2010
Benin,11625.34,2010
Burkina Faso,23920.21,2010
Bangladesh,200128.39,2010
Bulgaria,62336.39,2010
Bahrain,48293.39,2010
Bahamas,1592.27,2010
Bosnia and Herzegovina,28337.56,2010
Belarus,94924.4,2010
Belize,803.35,2010
Bermuda,339.37,2010
Bolivia,40927.58,2010
Brazil,1129476.44,2010
Barbados,1020.61,2010
Brunei,10026.46,2010
Bhutan,2066.37,2010
Botswana,9906.42,2010
Central African Republic,10879.75,2010
Canada,724625.05,2010
Switzerland and Liechtenstein,55006.16,2010
Chile,102693.99,2010
China,11262908.31,2010
Ivory Coast,19542.18,2010
Cameroon,30289.46,2010
Democratic Republic of the Congo,31064.87,2010
Congo,21979.01,2010
Cook Islands,96.34,2010
Colombia,172713.21,2010
Comoros,525.6,2010
Cape Verde,956.73,2010
Costa Rica,13558.27,2010
Cuba,47364.79,2010
Cayman Islands,272.76,2010
Cyprus,9459.86,2010
Czech Republic,145334.43,2010
Germany,942526.35,2010
Djibouti,2006.41,2010
Dominica,140.38,2010
Denmark,63212.61,2010
Dominican Republic,34302.86,2010
Algeria,184920.41,2010
Ecuador,67604.69,2010
Egypt,292115.76,2010
Eritrea,5532.63,2010
Western Sahara,618.35,2010
Spain and Andorra,375244.44,2010
Estonia,25092.79,2010
Ethiopia,119612.85,2010
Finland,81398.84,2010
Fiji,3130.23,2010
Falkland Islands,164.0,2010
France and Monaco,510830.35,2010
Faroe Islands,46.63,2010
Gabon,20968.14,2010
United Kingdom,590580.79,2010
Georgia,11998.63,2010
Ghana,23849.54,2010
Gibraltar,494.68,2010
Guinea,18500.27,2010
Guadeloupe,1295.81,2010
The Gambia,1964.94,2010
Guinea-Bissau,2619.17,2010
Equatorial Guinea,14984.95,2010
Greece,111550.13,2010
Grenada,169.35,2010
Greenland,715.96,2010
Guatemala,28218.51,2010
French Guiana,467.15,2010
Guyana,4866.67,2010
Hong Kong,47119.8,2010
Honduras,18342.82,2010
Croatia,27486.3,2010
Haiti,11895.16,2010
Hungary,67688.99,2010
Indonesia,781990.27,2010
India,2747617.77,2010
Ireland,66642.63,2010
Iran,768061.83,2010
Iraq,210601.04,2010
Iceland,4972.18,2010
Israel and State of Palestine,83052.38,2010
"Italy, San Marino and Holy See",505353.59,2010
Jamaica,8926.66,2010
Jordan,26153.84,2010
Japan,1324225.51,2010
Kazakhstan,317902.18,2010
Kenya,78511.28,2010
Kyrgyzstan,14106.86,2010
Cambodia,32666.44,2010
Kiribati,86.21,2010
Saint Kitts and Nevis,145.08,2010
South Korea,663999.2,2010
Kuwait,125970.9,2010
Laos,14765.17,2010
Lebanon,24896.28,2010
Liberia,3181.03,2010
Libya,106017.23,2010
Saint Lucia,288.35,2010
Sri Lanka,31120.18,2010
Lesotho,2782.1,2010
Lithuania,22725.95,2010
Luxembourg,12201.1,2010
Latvia,12591.95,2010
Macao,1800.18,2010
Morocco,80579.74,2010
Moldova,11457.54,2010
Madagascar,28300.01,2010
Maldives,1173.46,2010
Mexico,669998.35,2010
North Macedonia,11741.71,2010
Mali,26728.03,2010
Malta,2961.61,2010
Myanmar,108364.68,2010
Mongolia,38256.18,2010
Mozambique,14718.24,2010
Mauritania,11397.0,2010
Martinique,1132.84,2010
Mauritius,4982.22,2010
Malawi,11439.84,2010
Malaysia,256557.19,2010
Namibia,9936.08,2010
New Caledonia,3745.96,2010
Niger,23317.53,2010
Nigeria,345845.81,2010
Nicaragua,15448.81,2010
Netherlands,219240.95,2010
Norway,62571.18,2010
Nepal,39798.62,2010
New Zealand,84707.95,2010
Oman,76420.66,2010
Pakistan,377482.14,2010
Panama,14933.37,2010
Peru,76714.07,2010
Philippines,162365.0,2010
Palau,2205.35,2010
Papua New Guinea,6537.32,2010
Poland,417002.82,2010
Puerto Rico,16142.16,2010
North Korea,98787.26,2010
Portugal,68339.65,2010
Paraguay,36404.06,2010
French Polynesia,1093.24,2010
Qatar,93745.4,2010
Réunion,2968.97,2010
Romania,117429.31,2010
Russia,2203254.71,2010
Rwanda,5730.67,2010
Saudi Arabia,603145.18,2010
Serbia and Montenegro,72913.12,2010
Sudan and South Sudan,124335.09,2010
Senegal,19406.68,2010
Singapore,58051.56,2010
"Saint Helena, Ascension and Tristan da Cunha",14.67,2010
Solomon Islands,583.67,2010
Sierra Leone,5681.91,2010
El Salvador,11524.3,2010
Somalia,29973.14,2010
Saint Pierre and Miquelon,42.46,2010
São Tomé and Príncipe,196.35,2010
Suriname,2844.38,2010
Slovakia,49835.44,2010
Slovenia,22057.3,2010
Sweden,68221.18,2010
Eswatini,2785.53,2010
Seychelles,993.69,2010
Syria,88695.93,2010
Turks and Caicos Islands,83.76,2010
Chad,46767.08,2010
Togo,7401.75,2010
Thailand,408580.59,2010
Tajikistan,11870.68,2010
Turkmenistan,88847.82,2010
East Timor,2136.34,2010
Tonga,238.85,2010
Trinidad and Tobago,48076.77,2010
Tunisia,40131.81,2010
Turkey,414362.17,2010
Taiwan,313608.34,2010
Tanzania,53880.36,2010
Uganda,35463.61,2010
Ukraine,404169.4,2010
Uruguay,38817.85,2010
United States,6709534.29,2010
Uzbekistan,192900.72,2010
Saint Vincent and the Grenadines,153.65,2010
Venezuela,260152.06,2010
British Virgin Islands,84.47,2010
Vietnam,294361.93,2010
Vanuatu,677.35,2010
Samoa,469.18,2010
Yemen,52979.08,2010
South Africa,582477.83,2010
Zambia,18870.0,2010
Zimbabwe,27483.38,2010
Air transport,472871.29,2010
Sea transport,701242.32,2010
Aruba,482.16,2020
Afghanistan,26646.32,2020
Angola,61680.08,2020
Anguilla,26.04,2020
Albania,7967.36,2020
Curaçao,2144.21,2020
United Arab Emirates,249323.73,2020
Argentina,347312.37,2020
Armenia,9993.64,2020
Antigua and Barbuda,341.31,2020
Australia,584571.47,2020
Austria,77273.35,2020
Azerbaijan,54724.45,2020
Burundi,6036.58,2020
Belgium,115817.72,2020
Benin,17652.77,2020
Burkina Faso,28824.75,2020
Bangladesh,251559.29,2020
Bulgaria,53565.86,2020
Bahrain,63184.53,2020
Bahamas,1791.0,2020
Bosnia and Herzegovina,30444.77,2020
Belarus,88580.59,2020
Belize,833.34,2020
Bermuda,344.08,2020
Bolivia,48016.11,2020
Brazil,1215999.15,2020
Barbados,864.69,2020
Brunei,12574.0,2020
Bhutan,3065.15,2020
Botswana,10504.73,2020
Central African Republic,12497.43,2020
Canada,711931.32,2020
Switzerland and Liechtenstein,44982.33,2020
Chile,124090.85,2020
China,14497898.72,2020
Ivory Coast,29500.56,2020
Cameroon,38775.23,2020
Democratic Republic of the Congo,50793.68,2020
Congo,25029.9,2020
Cook Islands,136.59,2020
Colombia,196503.4,2020
Comoros,772.09,2020
Cape Verde,1189.73,2020
Costa Rica,14372.09,2020
Cuba,39518.23,2020
Cayman Islands,335.81,2020
Cyprus,9330.46,2020
Czech Republic,117974.19,2020
Germany,749799.71,2020
Djibouti,2084.43,2020
Dominica,134.73,2020
Denmark,43557.28,2020
Dominican Republic,43008.99,2020
Algeria,241131.97,2020
Ecuador,64546.46,2020
Egypt,306763.11,2020
Eritrea,6296.28,2020
Western Sahara,599.09,2020
Spain and Andorra,290387.56,2020
Estonia,14511.08,2020
Ethiopia,169992.79,2020
Finland,52647.14,2020
Fiji,3091.91,2020
Falkland Islands,164.71,2020
France and Monaco,398351.29,2020
Faroe Islands,50.7,2020
Gabon,19759.78,2020
United Kingdom,399603.64,2020
Georgia,17346.22,2020
Ghana,45354.79,2020
Gibraltar,662.17,2020
Guinea,26332.77,2020
Guadeloupe,1407.94,2020
The Gambia,1923.21,2020
Guinea-Bissau,2891.56,2020
Equatorial Guinea,9337.53,2020
Greece,71705.3,2020
Grenada,177.23,2020
Greenland,591.91,2020
Guatemala,39300.77,2020
French Guiana,544.02,2020
Guyana,7365.7,2020
Hong Kong,40520.53,2020
Honduras,20331.55,2020
Croatia,25039.99,2020
Haiti,13501.12,2020
Hungary,65841.34,2020
Indonesia,1050339.15,2020
India,3433618.98,2020
Ireland,59258.45,2020
Iran,889285.86,2020
Iraq,331582.28,2020
Iceland,4198.85,2020
Israel and State of Palestine,78130.4,2020
"Italy, San Marino and Holy See",369458.89,2020
Jamaica,7164.55,2020
Jordan,30314.4,2020
Japan,1168753.37,2020
Kazakhstan,300442.13,2020
Kenya,108421.55,2020
Kyrgyzstan,20005.53,2020
Cambodia,46509.4,2020
Kiribati,116.07,2020
Saint Kitts and Nevis,141.55,2020
South Korea,689106.59,2020
Kuwait,149033.41,2020
Laos,34479.18,2020
Lebanon,28487.76,2020
Liberia,4355.8,2020
Libya,64383.08,2020
Saint Lucia,396.63,2020
Sri Lanka,39796.56,2020
Lesotho,2428.81,2020
Lithuania,22680.71,2020
Luxembourg,8836.41,2020
Latvia,11648.95,2020
Macao,2969.61,2020
Morocco,103177.85,2020
Moldova,12310.69,2020
Madagascar,31728.82,2020
Maldives,2702.82,2020
Mexico,643880.87,2020
North Macedonia,10292.95,2020
Mali,43492.48,2020
Malta,1978.51,2020
Myanmar,121139.51,2020
Mongolia,65530.83,2020
Mozambique,28513.33,2020
Mauritania,16004.67,2020
Martinique,898.35,2020
Mauritius,5567.76,2020
Malawi,17297.97,2020
Malaysia,294666.42,2020
Namibia,11255.84,2020
New Caledonia,6905.27,2020
Niger,37153.95,2020
Nigeria,381242.38,2020
Nicaragua,19140.02,2020
Netherlands,170500.37,2020
Norway,57139.67,2020
Nepal,54858.43,2020
New Zealand,84778.06,2020
Oman,113213.28,2020
Pakistan,525798.36,2020
Panama,15808.92,2020
Peru,81031.81,2020
Philippines,229349.81,2020
Palau,1336.18,2020
Papua New Guinea,9615.37,2020
Poland,377510.47,2020
Puerto Rico,14670.16,2020
North Korea,96746.31,2020
Portugal,57452.88,2020
Paraguay,42560.88,2020
French Polynesia,1210.69,2020
Qatar,140149.6,2020
Réunion,2895.96,2020
Romania,110766.52,2020
Russia,2395615.61,2020
Rwanda,7528.2,2020
Saudi Arabia,733063.49,2020
Serbia and Montenegro,71438.89,2020
Sudan and South Sudan,136671.96,2020
Senegal,26966.71,2020
Singapore,68069.51,2020
"Saint Helena, Ascension and Tristan da Cunha",19.07,2020
Solomon Islands,650.71,2020
Sierra Leone,6632.44,2020
El Salvador,11215.88,2020
Somalia,32444.99,2020
Saint Pierre and Miquelon,43.2,2020
São Tomé and Príncipe,260.49,2020
Suriname,3748.08,2020
Slovakia,42516.34,2020
Slovenia,17825.24,2020
Sweden,52042.76,2020
Eswatini,3026.63,2020
Seychelles,1219.67,2020
Syria,40539.69,2020
Turks and Caicos Islands,96.33,2020
Chad,81980.66,2020
Togo,9597.39,2020
Thailand,433721.24,2020
Tajikistan,21041.24,2020
Turkmenistan,99785.95,2020
East Timor,1913.66,2020
Tonga,312.22,2020
Trinidad and Tobago,36512.87,2020
Tunisia,40196.79,2020
Turkey,583364.27,2020
Taiwan,316767.58,2020
Tanzania,83306.81,2020
Uganda,50201.76,2020
Ukraine,287552.06,2020
Uruguay,38916.44,2020
United States,5671604.44,2020
Uzbekistan,197993.86,2020
Saint Vincent and the Grenadines,136.19,2020
Venezuela,136336.65,2020
British Virgin Islands,79.47,2020
Vietnam,497416.8,2020
Vanuatu,629.09,2020
Samoa,565.56,2020
Yemen,32878.09,2020
South Africa,541709.64,2020
Zambia,27344.12,2020
Zimbabwe,26770.63,2020
Air transport,302632.34,2020
Sea transport,671578.72,2020
Aruba,531.2,2021
Afghanistan,27643.07,2021
Angola,64408.99,2021
Anguilla,25.22,2021
Albania,8395.25,2021
Curaçao,2334.42,2021
United Arab Emirates,256964.88,2021
Argentina,367613.98,2021
Armenia,10671.38,2021
Antigua and Barbuda,371.05,2021
Australia,580737.83,2021
Austria,80724.16,2021
Azerbaijan,56986.17,2021
Burundi,6835.35,2021
Belgium,119752.7,2021
Benin,16018.63,2021
Burkina Faso,33644.5,2021
Bangladesh,269411.05,2021
Bulgaria,60029.91,2021
Bahrain,63387.76,2021
Bahamas,1948.82,2021
Bosnia and Herzegovina,30278.66,2021
Belarus,88695.16,2021
Belize,868.08,2021
Bermuda,359.58,2021
Bolivia,52108.47,2021
Brazil,1294511.47,2021
Barbados,949.44,2021
Brunei,12332.31,2021
Bhutan,3186.97,2021
Botswana,11547.63,2021
Central African Republic,12626.83,2021
Canada,728267.91,2021
Switzerland and Liechtenstein,46731.46,2021
Chile,125290.78,2021
China,15175619.09,2021
Ivory Coast,31528.56,2021
Cameroon,38888.25,2021
Democratic Republic of the Congo,52235.3,2021
Congo,23130.56,2021
Cook Islands,142.59,2021
Colombia,208076.26,2021
Comoros,773.59,2021
Cape Verde,1212.91,2021
Costa Rica,15686.38,2021
Cuba,38849.35,2021
Cayman Islands,369.24,2021
Cyprus,9614.39,2021
Czech Republic,123432.37,2021
Germany,783488.63,2021
Djibouti,2148.41,2021
Dominica,142.26,2021
Denmark,44940.95,2021
Dominican Republic,46207.99,2021
Algeria,253945.69,2021
Ecuador,68625.71,2021
Egypt,332306.0,2021
Eritrea,6381.84,2021
Western Sahara,650.34,2021
Spain and Andorra,308595.37,2021
Estonia,15283.59,2021
Ethiopia,164832.73,2021
Finland,52448.27,2021
Fiji,3141.1,2021
Falkland Islands,170.31,2021
France and Monaco,429487.31,2021
Faroe Islands,51.0,2021
Gabon,18827.89,2021
United Kingdom,419634.17,2021
Georgia,18176.26,2021
Ghana,46990.25,2021
Gibraltar,669.61,2021
Guinea,26991.33,2021
Guadeloupe,1408.19,2021
The Gambia,1837.38,2021
Guinea-Bissau,2930.1,2021
Equatorial Guinea,8624.64,2021
Greece,73065.91,2021
Grenada,191.05,2021
Greenland,613.08,2021
Guatemala,42242.35,2021
French Guiana,551.93,2021
Guyana,7358.03,2021
Hong Kong,40471.94,2021
Honduras,21494.73,2021
Croatia,25368.72,2021
Haiti,13418.84,2021
Hungary,67110.1,2021
Indonesia,1077077.84,2021
India,3679861.78,2021
Ireland,61315.62,2021
Iran,931629.97,2021
Iraq,335790.83,2021
Iceland,4358.78,2021
Israel and State of Palestine,78445.75,2021
"Italy, San Marino and Holy See",406702.18,2021
Jamaica,7732.25,2021
Jordan,31491.94,2021
Japan,1181769.56,2021
Kazakhstan,323213.12,2021
Kenya,101810.59,2021
Kyrgyzstan,21390.45,2021
Cambodia,48160.86,2021
Kiribati,120.79,2021
Saint Kitts and Nevis,158.34,2021
South Korea,710522.98,2021
Kuwait,157800.57,2021
Laos,38793.77,2021
Lebanon,23719.49,2021
Liberia,4415.24,2021
Libya,90106.31,2021
Saint Lucia,426.75,2021
Sri Lanka,40573.49,2021
Lesotho,2526.94,2021
Lithuania,22495.16,2021
Luxembourg,9208.06,2021
Latvia,11864.53,2021
Macao,2905.73,2021
Morocco,109283.26,2021
Moldova,13205.63,2021
Madagascar,33013.52,2021
Maldives,2832.6,2021
Mexico,670552.79,2021
North Macedonia,10240.44,2021
Mali,45425.76,2021
Malta,1985.91,2021
Myanmar,119210.06,2021
Mongolia,67293.64,2021
Mozambique,31921.43,2021
Mauritania,16134.43,2021
Martinique,1041.11,2021
Mauritius,5859.03,2021
Malawi,18427.14,2021
Malaysia,299786.49,2021
Namibia,12143.99,2021
New Caledonia,5997.97,2021
Niger,39138.06,2021
Nigeria,386799.73,2021
Nicaragua,19754.64,2021
Netherlands,174717.78,2021
Norway,57905.83,2021
Nepal,55380.1,2021
New Zealand,84562.28,2021
Oman,119858.11,2021
Pakistan,551049.63,2021
Panama,17229.04,2021
Peru,87973.02,2021
Philippines,240411.68,2021
Palau,1389.73,2021
Papua New Guinea,9251.05,2021
Poland,405082.51,2021
Puerto Rico,14886.5,2021
North Korea,83001.09,2021
Portugal,55788.65,2021
Paraguay,43439.4,2021
French Polynesia,1266.06,2021
Qatar,143129.22,2021
Réunion,2902.26,2021
Romania,115836.35,2021
Russia,2547955.36,2021
Rwanda,7687.26,2021
Saudi Arabia,751180.47,2021
Serbia and Montenegro,69458.88,2021
Sudan and South Sudan,138266.27,2021
Senegal,28366.07,2021
Singapore,70868.39,2021
"Saint Helena, Ascension and Tristan da Cunha",19.39,2021
Solomon Islands,674.34,2021
Sierra Leone,7474.65,2021
El Salvador,12107.05,2021
Somalia,32256.53,2021
Saint Pierre and Miquelon,45.14,2021
São Tomé and Príncipe,262.84,2021
Suriname,3746.21,2021
Slovakia,46782.53,2021
Slovenia,17971.08,2021
Sweden,53925.29,2021
Eswatini,3135.24,2021
Seychelles,1241.34,2021
Syria,40073.08,2021
Turks and Caicos Islands,105.31,2021
Chad,85506.73,2021
Togo,10119.56,2021
Thailand,429462.92,2021
Tajikistan,21175.58,2021
Turkmenistan,98340.5,2021
East Timor,1916.13,2021
Tonga,322.25,2021
Trinidad and Tobago,35397.96,2021
Tunisia,43097.21,2021
Turkey,624632.25,2021
Taiwan,327696.21,2021
Tanzania,87075.44,2021
Uganda,53056.64,2021
Ukraine,281544.38,2021
Uruguay,42571.29,2021
United States,5997650.75,2021
Uzbekistan,210317.64,2021
Saint Vincent and the Grenadines,145.28,2021
Venezuela,134693.23,2021
British Virgin Islands,86.59,2021
Vietnam,490552.52,2021
Vanuatu,643.76,2021
Samoa,617.13,2021
Yemen,33430.71,2021
South Africa,550984.44,2021
Zambia,28249.1,2021
Zimbabwe,28878.41,2021
Air transport,335728.73,2021
Sea transport,692682.47,2021
Aruba,533.6,2022
Afghanistan,28614.07,2022
Angola,67210.84,2022
Anguilla,25.07,2022
Albania,7812.02,2022
Curaçao,2419.62,2022
United Arab Emirates,267632.93,2022
Argentina,374761.26,2022
Armenia,10364.54,2022
Antigua and Barbuda,372.27,2022
Australia,569010.3,2022
Austria,75408.47,2022
Azerbaijan,59026.28,2022
Burundi,6996.19,2022
Belgium,112279.67,2022
Benin,16614.97,2022
Burkina Faso,34021.03,2022
Bangladesh,278488.86,2022
Bulgaria,64232.61,2022
Bahrain,62505.47,2022
Bahamas,1957.52,2022
Bosnia and Herzegovina,30239.7,2022
Belarus,86803.11,2022
Belize,891.41,2022
Bermuda,360.65,2022
Bolivia,53502.5,2022
Brazil,1298489.35,2022
Barbados,951.83,2022
Brunei,11887.32,2022
Bhutan,3217.61,2022
Botswana,12392.72,2022
Central African Republic,13024.28,2022
Canada,745245.08,2022
Switzerland and Liechtenstein,43562.65,2022
Chile,125387.99,2022
China,15159641.99,2022
Ivory Coast,32168.7,2022
Cameroon,39489.19,2022
Democratic Republic of the Congo,55589.59,2022
Congo,23727.01,2022
Cook Islands,149.76,2022
Colombia,213106.14,2022
Comoros,757.69,2022
Cape Verde,1260.71,2022
Costa Rica,15927.07,2022
Cuba,38236.83,2022
Cayman Islands,370.97,2022
Cyprus,10076.38,2022
Czech Republic,123930.98,2022
Germany,761983.52,2022
Djibouti,2121.92,2022
Dominica,142.58,2022
Denmark,43226.13,2022
Dominican Republic,46412.38,2022
Algeria,263216.12,2022
Ecuador,70664.16,2022
Egypt,333343.9,2022
Eritrea,6369.0,2022
Western Sahara,680.88,2022
Spain and Andorra,304886.33,2022
Estonia,15568.33,2022
Ethiopia,166832.91,2022
Finland,48220.4,2022
Fiji,3308.79,2022
Falkland Islands,170.56,2022
France and Monaco,416112.2,2022
Faroe Islands,50.61,2022
Gabon,19755.89,2022
United Kingdom,406519.51,2022
Georgia,18724.89,2022
Ghana,48204.92,2022
Gibraltar,698.43,2022
Guinea,27960.99,2022
Guadeloupe,1408.52,2022
The Gambia,1918.27,2022
Guinea-Bissau,2999.06,2022
Equatorial Guinea,8177.05,2022
Greece,73154.44,2022
Grenada,192.29,2022
Greenland,640.8,2022
Guatemala,42310.56,2022
French Guiana,553.83,2022
Guyana,8285.24,2022
Hong Kong,38026.32,2022
Honduras,22106.53,2022
Croatia,24990.36,2022
Haiti,13512.64,2022
Hungary,64269.55,2022
Indonesia,1152726.01,2022
India,3897208.99,2022
Ireland,60378.56,2022
Iran,960494.31,2022
Iraq,365295.98,2022
Iceland,4371.07,2022
Israel and State of Palestine,80736.83,2022
"Italy, San Marino and Holy See",403121.52,2022
Jamaica,7656.13,2022
Jordan,31823.41,2022
Japan,1107575.79,2022
Kazakhstan,320917.12,2022
Kenya,104286.48,2022
Kyrgyzstan,21423.79,2022
Cambodia,47599.12,2022
Kiribati,126.39,2022
Saint Kitts and Nevis,165.45,2022
South Korea,668324.91,2022
Kuwait,165381.38,2022
Laos,40074.97,2022
Lebanon,23967.2,2022
Liberia,4564.3,2022
Libya,88999.24,2022
Saint Lucia,431.97,2022
Sri Lanka,37673.41,2022
Lesotho,2652.71,2022
Lithuania,20803.61,2022
Luxembourg,8126.16,2022
Latvia,11083.5,2022
Macao,3025.08,2022
Morocco,106451.11,2022
Moldova,12954.69,2022
Madagascar,33294.67,2022
Maldives,2986.5,2022
Mexico,687544.06,2022
North Macedonia,11001.28,2022
Mali,44834.18,2022
Malta,2112.31,2022
Myanmar,118337.64,2022
Mongolia,66879.11,2022
Mozambique,34432.18,2022
Mauritania,16438.62,2022
Martinique,1166.37,2022
Mauritius,5974.73,2022
Malawi,18599.49,2022
Malaysia,315788.5,2022
Namibia,12778.28,2022
New Caledonia,6277.52,2022
Niger,40917.07,2022
Nigeria,380162.5,2022
Nicaragua,20215.65,2022
Netherlands,161166.11,2022
Norway,57245.55,2022
Nepal,55848.83,2022
New Zealand,83388.99,2022
Oman,125242.54,2022
Pakistan,536052.21,2022
Panama,18455.34,2022
Peru,92200.94,2022
Philippines,244525.82,2022
Palau,1462.15,2022
Papua New Guinea,9506.24,2022
Poland,397221.58,2022
Puerto Rico,14876.23,2022
North Korea,85692.33,2022
Portugal,56217.57,2022
Paraguay,41606.88,2022
French Polynesia,1331.69,2022
Qatar,144464.89,2022
Réunion,2904.73,2022
Romania,110958.75,2022
Russia,2621518.02,2022
Rwanda,7474.79,2022
Saudi Arabia,786955.22,2022
Serbia and Montenegro,69030.82,2022
Sudan and South Sudan,137728.59,2022
Senegal,28793.59,2022
Singapore,71847.04,2022
"Saint Helena, Ascension and Tristan da Cunha",20.74,2022
Solomon Islands,701.51,2022
Sierra Leone,6926.58,2022
El Salvador,12522.84,2022
Somalia,32362.4,2022
Saint Pierre and Miquelon,46.21,2022
São Tomé and Príncipe,292.78,2022
Suriname,3658.39,2022
Slovakia,45486.58,2022
Slovenia,17164.84,2022
Sweden,50130.0,2022
Eswatini,3244.16,2022
Seychelles,1301.79,2022
Syria,40208.09,2022
Turks and Caicos Islands,105.28,2022
Chad,91033.67,2022
Togo,10477.39,2022
Thailand,442492.31,2022
Tajikistan,21196.69,2022
Turkmenistan,99816.98,2022
East Timor,2015.37,2022
Tonga,334.3,2022
Trinidad and Tobago,34802.62,2022
Tunisia,42436.07,2022
Turkey,598844.01,2022
Taiwan,315858.99,2022
Tanzania,87584.79,2022
Uganda,53080.7,2022
Ukraine,216474.82,2022
Uruguay,42151.88,2022
United States,6046215.74,2022
Uzbekistan,216299.33,2022
Saint Vincent and the Grenadines,145.67,2022
Venezuela,143913.98,2022
British Virgin Islands,87.0,2022
Vietnam,473629.92,2022
Vanuatu,658.74,2022
Samoa,635.67,2022
Yemen,33175.04,2022
South Africa,533026.9,2022
Zambia,29845.83,2022
Zimbabwe,29825.43,2022
Air transport,416953.42,2022
Sea transport,739009.25,2022
Aruba,561.5,2023
Afghanistan,29460.05,2023
Angola,67700.76,2023
Anguilla,26.21,2023
Albania,7673.67,2023
Curaçao,2532.14,2023
United Arab Emirates,267823.19,2023
Argentina,365684.62,2023
Armenia,10836.34,2023
Antigua and Barbuda,388.56,2023
Australia,571839.85,2023
Austria,72921.49,2023
Azerbaijan,62550.29,2023
Burundi,7049.14,2023
Belgium,106370.19,2023
Benin,16699.49,2023
Burkina Faso,34456.82,2023
Bangladesh,281380.53,2023
Bulgaria,53372.28,2023
Bahrain,63733.86,2023
Bahamas,2050.28,2023
Bosnia and Herzegovina,29397.99,2023
Belarus,84277.6,2023
Belize,920.35,2023
Bermuda,378.84,2023
Bolivia,55185.65,2023
Brazil,1300168.87,2023
Barbados,989.04,2023
Brunei,12157.94,2023
Bhutan,3254.86,2023
Botswana,12712.76,2023
Central African Republic,12502.62,2023
Canada,747678.03,2023
Switzerland and Liechtenstein,43446.39,2023
Chile,121463.13,2023
China,15943986.55,2023
Ivory Coast,32184.01,2023
Cameroon,39377.19,2023
Democratic Republic of the Congo,56105.91,2023
Congo,23702.01,2023
Cook Islands,154.32,2023
Colombia,223966.63,2023
Comoros,761.77,2023
Cape Verde,1231.52,2023
Costa Rica,16468.14,2023
Cuba,39400.33,2023
Cayman Islands,390.14,2023
Cyprus,10324.66,2023
Czech Republic,114438.42,2023
Germany,681810.33,2023
Djibouti,2132.41,2023
Dominica,146.92,2023
Denmark,41831.47,2023
Dominican Republic,48396.21,2023
Algeria,256792.13,2023
Ecuador,73604.61,2023
Egypt,335968.05,2023
Eritrea,6401.82,2023
Western Sahara,684.8,2023
Spain and Andorra,285383.9,2023
Estonia,14363.97,2023
Ethiopia,170033.85,2023
Finland,43453.54,2023
Fiji,3400.99,2023
Falkland Islands,172.39,2023
France and Monaco,385520.12,2023
Faroe Islands,50.7,2023
Gabon,21402.08,2023
United Kingdom,379318.59,2023
Georgia,19049.15,2023
Ghana,48265.93,2023
Gibraltar,712.37,2023
Guinea,28634.66,2023
Guadeloupe,1462.23,2023
The Gambia,1888.8,2023
Guinea-Bissau,2997.48,2023
Equatorial Guinea,6982.1,2023
Greece,69266.03,2023
Grenada,200.41,2023
Greenland,647.26,2023
Guatemala,43981.07,2023
French Guiana,573.39,2023
Guyana,8190.99,2023
Hong Kong,40167.76,2023
Honduras,22920.14,2023
Croatia,25013.48,2023
Haiti,13656.96,2023
Hungary,60926.77,2023
Indonesia,1200199.79,2023
India,4133554.36,2023
Ireland,57853.27,2023
Iran,996752.68,2023
Iraq,362784.8,2023
Iceland,4171.94,2023
Israel and State of Palestine,79578.17,2023
"Italy, San Marino and Holy See",374124.19,2023
Jamaica,8162.92,2023
Jordan,33407.71,2023
Japan,1041012.82,2023
Kazakhstan,320349.98,2023
Kenya,107976.91,2023
Kyrgyzstan,21698.23,2023
Cambodia,48774.83,2023
Kiribati,130.18,2023
Saint Kitts and Nevis,174.47,2023
South Korea,653846.14,2023
Kuwait,167915.77,2023
Laos,42056.21,2023
Lebanon,24672.32,2023
Liberia,4532.39,2023
Libya,95929.77,2023
Saint Lucia,451.27,2023
Sri Lanka,38403.85,2023
Lesotho,2601.92,2023
Lithuania,20683.66,2023
Luxembourg,7860.93,2023
Latvia,10957.49,2023
Macao,3119.01,2023
Morocco,106602.23,2023
Moldova,13542.41,2023
Madagascar,33150.78,2023
Maldives,3087.95,2023
Mexico,712102.1,2023
North Macedonia,11370.03,2023
Mali,45463.1,2023
Malta,2033.87,2023
Myanmar,115077.25,2023
Mongolia,83704.56,2023
Mozambique,33953.98,2023
Mauritania,16509.27,2023
Martinique,1218.42,2023
Mauritius,6198.74,2023
Malawi,19714.05,2023
Malaysia,325405.85,2023
Namibia,12885.68,2023
New Caledonia,6614.22,2023
Niger,42334.09,2023
Nigeria,385112.88,2023
Nicaragua,20628.27,2023
Netherlands,150745.8,2023
Norway,56717.1,2023
Nepal,56830.98,2023
New Zealand,84209.81,2023
Oman,127443.02,2023
Pakistan,532374.48,2023
Panama,21281.69,2023
Peru,94048.68,2023
Philippines,256147.15,2023
Palau,1501.65,2023
Papua New Guinea,9641.0,2023
Poland,363794.25,2023
Puerto Rico,16063.99,2023
North Korea,90148.48,2023
Portugal,53004.61,2023
Paraguay,41624.56,2023
French Polynesia,1374.56,2023
Qatar,154383.57,2023
Réunion,2920.7,2023
Romania,105852.4,2023
Russia,2672039.44,2023
Rwanda,7493.27,2023
Saudi Arabia,805158.11,2023
Serbia and Montenegro,67214.99,2023
Sudan and South Sudan,138741.57,2023
Senegal,28843.73,2023
Singapore,74290.13,2023
"Saint Helena, Ascension and Tristan da Cunha",21.27,2023
Solomon Islands,720.82,2023
Sierra Leone,6937.72,2023
El Salvador,13051.31,2023
Somalia,32499.94,2023
Saint Pierre and Miquelon,46.57,2023
São Tomé and Príncipe,303.45,2023
Suriname,3737.72,2023
Slovakia,44775.61,2023
Slovenia,15993.52,2023
Sweden,49118.37,2023
Eswatini,3289.55,2023
Seychelles,1338.71,2023
Syria,41210.58,2023
Turks and Caicos Islands,110.25,2023
Chad,95377.32,2023
Togo,10612.91,2023
Thailand,440783.01,2023
Tajikistan,21438.12,2023
Turkmenistan,98794.12,2023
East Timor,2007.18,2023
Tonga,342.11,2023
Trinidad and Tobago,34187.02,2023
Tunisia,43578.53,2023
Turkey,606429.86,2023
Taiwan,308000.43,2023
Tanzania,89815.44,2023
Uganda,53370.99,2023
Ukraine,216092.81,2023
Uruguay,41634.11,2023
United States,5960804.38,2023
Uzbekistan,214531.38,2023
Saint Vincent and the Grenadines,150.78,2023
Venezuela,152389.92,2023
British Virgin Islands,91.07,2023
Vietnam,524133.46,2023
Vanuatu,670.21,2023
Samoa,646.14,2023
Yemen,32242.87,2023
South Africa,522115.49,2023
Zambia,30484.45,2023
Zimbabwe,31019.31,2023
Air transport,498178.11,2023
Sea transport,746943.68,2023
Aruba,0.001,2023
Afghanistan,0.056,2023
Angola,0.128,2023
Anguilla,0.0,2023
Albania,0.014,2023
Curaçao,0.005,2023
United Arab Emirates,0.506,2023
Argentina,0.69,2023
Armenia,0.02,2023
Antigua and Barbuda,0.001,2023
Australia,1.08,2023
Austria,0.138,2023
Azerbaijan,0.118,2023
Burundi,0.013,2023
Belgium,0.201,2023
Benin,0.032,2023
Burkina Faso,0.065,2023
Bangladesh,0.531,2023
Bulgaria,0.101,2023
Bahrain,0.12,2023
Bahamas,0.004,2023
Bosnia and Herzegovina,0.056,2023
Belarus,0.159,2023
Belize,0.002,2023
Bermuda,0.001,2023
Bolivia,0.104,2023
Brazil,2.455,2023
Barbados,0.002,2023
Brunei,0.023,2023
Bhutan,0.006,2023
Botswana,0.024,2023
Central African Republic,0.024,2023
Canada,1.412,2023
Switzerland and Liechtenstein,0.082,2023
Chile,0.229,2023
China,30.104,2023
Ivory Coast,0.061,2023
Cameroon,0.074,2023
Democratic Republic of the Congo,0.106,2023
Congo,0.045,2023
Cook Islands,0.0,2023
Colombia,0.423,2023
Comoros,0.001,2023
Cape Verde,0.002,2023
Costa Rica,0.031,2023
Cuba,0.074,2023
Cayman Islands,0.001,2023
Cyprus,0.019,2023
Czech Republic,0.216,2023
Germany,1.287,2023
Djibouti,0.004,2023
Dominica,0.0,2023
Denmark,0.079,2023
Dominican Republic,0.091,2023
Algeria,0.485,2023
Ecuador,0.139,2023
Egypt,0.634,2023
Eritrea,0.012,2023
Western Sahara,0.001,2023
Spain and Andorra,0.539,2023
Estonia,0.027,2023
Ethiopia,0.321,2023
Finland,0.082,2023
Fiji,0.006,2023
Falkland Islands,0.0,2023
France and Monaco,0.728,2023
Faroe Islands,0.0,2023
Gabon,0.04,2023
United Kingdom,0.716,2023
Georgia,0.036,2023
Ghana,0.091,2023
Gibraltar,0.001,2023
Guinea,0.054,2023
Guadeloupe,0.003,2023
The Gambia,0.004,2023
Guinea-Bissau,0.006,2023
Equatorial Guinea,0.013,2023
Greece,0.131,2023
Grenada,0.0,2023
Greenland,0.001,2023
Guatemala,0.083,2023
French Guiana,0.001,2023
Guyana,0.015,2023
Hong Kong,0.076,2023
Honduras,0.043,2023
Croatia,0.047,2023
Haiti,0.026,2023
Hungary,0.115,2023
Indonesia,2.266,2023
India,7.805,2023
Ireland,0.109,2023
Iran,1.882,2023
Iraq,0.685,2023
Iceland,0.008,2023
Israel and State of Palestine,0.15,2023
"Italy, San Marino and Holy See",0.706,2023
Jamaica,0.015,2023
Jordan,0.063,2023
Japan,1.966,2023
Kazakhstan,0.605,2023
Kenya,0.204,2023
Kyrgyzstan,0.041,2023
Cambodia,0.092,2023
Kiribati,0.0,2023
Saint Kitts and Nevis,0.0,2023
South Korea,1.235,2023
Kuwait,0.317,2023
Laos,0.079,2023
Lebanon,0.047,2023
Liberia,0.009,2023
Libya,0.181,2023
Saint Lucia,0.001,2023
Sri Lanka,0.073,2023
Lesotho,0.005,2023
Lithuania,0.039,2023
Luxembourg,0.015,2023
Latvia,0.021,2023
Macao,0.006,2023
Morocco,0.201,2023
Moldova,0.026,2023
Madagascar,0.063,2023
Maldives,0.006,2023
Mexico,1.345,2023
North Macedonia,0.021,2023
Mali,0.086,2023
Malta,0.004,2023
Myanmar,0.217,2023
Mongolia,0.158,2023
Mozambique,0.064,2023
Mauritania,0.031,2023
Martinique,0.002,2023
Mauritius,0.012,2023
Malawi,0.037,2023
Malaysia,0.614,2023
Namibia,0.024,2023
New Caledonia,0.012,2023
Niger,0.08,2023
Nigeria,0.727,2023
Nicaragua,0.039,2023
Netherlands,0.285,2023
Norway,0.107,2023
Nepal,0.107,2023
New Zealand,0.159,2023
Oman,0.241,2023
Pakistan,1.005,2023
Panama,0.04,2023
Peru,0.178,2023
Philippines,0.484,2023
Palau,0.003,2023
Papua New Guinea,0.018,2023
Poland,0.687,2023
Puerto Rico,0.03,2023
North Korea,0.17,2023
Portugal,0.1,2023
Paraguay,0.079,2023
French Polynesia,0.003,2023
Qatar,0.291,2023
Réunion,0.006,2023
Romania,0.2,2023
Russia,5.045,2023
Rwanda,0.014,2023
Saudi Arabia,1.52,2023
Serbia and Montenegro,0.127,2023
Sudan and South Sudan,0.262,2023
Senegal,0.054,2023
Singapore,0.14,2023
"Saint Helena, Ascension and Tristan da Cunha",0.0,2023
Solomon Islands,0.001,2023
Sierra Leone,0.013,2023
El Salvador,0.025,2023
Somalia,0.061,2023
Saint Pierre and Miquelon,0.0,2023
São Tomé and Príncipe,0.001,2023
Suriname,0.007,2023
Slovakia,0.085,2023
Slovenia,0.03,2023
Sweden,0.093,2023
Eswatini,0.006,2023
Seychelles,0.003,2023
Syria,0.078,2023
Turks and Caicos Islands,0.0,2023
Chad,0.18,2023
Togo,0.02,2023
Thailand,0.832,2023
Tajikistan,0.04,2023
Turkmenistan,0.187,2023
East Timor,0.004,2023
Tonga,0.001,2023
Trinidad and Tobago,0.065,2023
Tunisia,0.082,2023
Turkey,1.145,2023
Taiwan,0.582,2023
Tanzania,0.17,2023
Uganda,0.101,2023
Ukraine,0.408,2023
Uruguay,0.079,2023
United States,11.255,2023
Uzbekistan,0.405,2023
Saint Vincent and the Grenadines,0.0,2023
Venezuela,0.288,2023
British Virgin Islands,0.0,2023
Vietnam,0.99,2023
Vanuatu,0.001,2023
Samoa,0.001,2023
Yemen,0.061,2023
South Africa,0.986,2023
Zambia,0.058,2023
Zimbabwe,0.059,2023
Air transport,0.941,2023
Sea transport,1.41,2023
Aruba,155.25,1990
Afghanistan,134.52,1990
Angola,111.96,1990
Anguilla,231.67,1990
Albania,-33.23,1990
Curaçao,-10.94,1990
United Arab Emirates,236.9,1990
Argentina,44.09,1990
Armenia,-55.43,1990
Antigua and Barbuda,57.76,1990
Australia,24.23,1990
Austria,-9.37,1990
Azerbaijan,-7.8,1990
Burundi,143.73,1990
Belgium,-24.32,1990
Benin,332.97,1990
Burkina Faso,206.75,1990
Bangladesh,116.29,1990
Bulgaria,-48.4,1990
Bahrain,119.27,1990
Bahamas,56.88,1990
Bosnia and Herzegovina,-10.39,1990
Belarus,-39.77,1990
Belize,94.77,1990
Bermuda,34.41,1990
Bolivia,86.3,1990
Brazil,93.6,1990
Barbados,15.01,1990
Brunei,106.3,1990
Bhutan,159.62,1990
Botswana,38.43,1990
Central African Republic,65.63,1990
Canada,28.49,1990
Switzerland and Liechtenstein,-20.52,1990
Chile,108.75,1990
China,311.31,1990
Ivory Coast,213.23,1990
Cameroon,31.93,1990
Democratic Republic of the Congo,120.38,1990
Congo,118.32,1990
Cook Islands,195.5,1990
Colombia,66.29,1990
Comoros,131.09,1990
Cape Verde,476.95,1990
Costa Rica,71.03,1990
Cuba,-36.34,1990
Cayman Islands,202.25,1990
Cyprus,90.58,1990
Czech Republic,42.77,1990
Germany,-44.83,1990
Djibouti,15.62,1990
Dominica,84.82,1990
Denmark,-39.42,1990
Dominican Republic,180.13,1990
Algeria,89.47,1990
Ecuador,93.81,1990
Egypt,127.53,1990
Eritrea,36.94,1990
Western Sahara,69.67,1990
Spain and Andorra,-4.15,1990
Estonia,-67.69,1990
Ethiopia,170.54,1990
Finland,-39.83,1990
Fiji,53.97,1990
Falkland Islands,4.61,1990
France and Monaco,27.67,1990
Faroe Islands,9.06,1990
Gabon,4.92,1990
United Kingdom,-51.13,1990
Georgia,-54.5,1990
Ghana,364.86,1990
Gibraltar,350.71,1990
Guinea,267.13,1990
Guadeloupe,56.77,1990
The Gambia,99.05,1990
Guinea-Bissau,81.02,1990
Equatorial Guinea,3674.97,1990
Greece,-30.07,1990
Grenada,116.06,1990
Greenland,955.55,1990
Guatemala,235.65,1990
French Guiana,56.61,1990
Guyana,117.81,1990
Hong Kong,2.48,1990
Honduras,151.21,1990
Croatia,-25.22,1990
Haiti,86.43,1990
Hungary,-37.03,1990
Indonesia,202.24,1990
India,198.87,1990
Ireland,1.05,1990
Iran,199.58,1990
Iraq,110.9,1990
Iceland,-5.44,1990
Israel and State of Palestine,90.32,1990
"Italy, San Marino and Holy See",26.89,1990
Jamaica,-11.25,1990
Jordan,175.28,1990
Japan,-20.97,1990
Kazakhstan,-7.68,1990
Kenya,181.56,1990
Kyrgyzstan,-34.98,1990
Cambodia,147.46,1990
Kiribati,289.79,1990
Saint Kitts and Nevis,191.4,1990
South Korea,101.14,1990
Kuwait,232.22,1990
Laos,424.12,1990
Lebanon,217.87,1990
Liberia,164.94,1990
Libya,10.19,1990
Saint Lucia,206.85,1990
Sri Lanka,82.08,1990
Lesotho,22.72,1990
Lithuania,-55.72,1990
Luxembourg,-39.14,1990
Latvia,-59.54,1990
Macao,209.74,1990
Morocco,151.06,1990
Moldova,-63.78,1990
Madagascar,38.58,1990
Maldives,2174.77,1990
Mexico,61.73,1990
North Macedonia,21.07,1990
Mali,261.44,1990
Malta,-18.34,1990
Myanmar,70.84,1990
Mongolia,225.23,1990
Mozambique,284.05,1990
Mauritania,148.3,1990
Martinique,35.54,1990
Mauritius,236.34,1990
Malawi,235.71,1990
Malaysia,252.41,1990
Namibia,96.62,1990
New Caledonia,242.96,1990
Niger,293.33,1990
Nigeria,38.38,1990
Nicaragua,103.46,1990
Netherlands,-32.46,1990
Norway,3.74,1990
Nepal,86.92,1990
New Zealand,18.16,1990
Oman,264.54,1990
Pakistan,164.22,1990
Panama,202.04,1990
Peru,110.61,1990
Philippines,153.13,1990
Palau,-35.93,1990
Papua New Guinea,137.15,1990
Poland,-29.06,1990
Puerto Rico,26.13,1990
North Korea,46.33,1990
Portugal,-9.42,1990
Paraguay,100.07,1990
French Polynesia,45.02,1990
Qatar,487.31,1990
Réunion,152.33,1990
Romania,-56.14,1990
Russia,-12.84,1990
Rwanda,34.49,1990
Saudi Arabia,240.39,1990
Serbia and Montenegro,21.23,1990
Sudan and South Sudan,128.89,1990
Senegal,190.04,1990
Singapore,120.08,1990
"Saint Helena, Ascension and Tristan da Cunha",59.86,1990
Solomon Islands,134.99,1990
Sierra Leone,72.5,1990
El Salvador,81.2,1990
Somalia,27.09,1990
Saint Pierre and Miquelon,-52.67,1990
São Tomé and Príncipe,268.5,1990
Suriname,60.36,1990
Slovakia,-40.49,1990
Slovenia,-25.36,1990
Sweden,-34.59,1990
Eswatini,2.19,1990
Seychelles,322.33,1990
Syria,-35.01,1990
Turks and Caicos Islands,1102.36,1990
Chad,455.96,1990
Togo,220.96,1990
Thailand,103.08,1990
Tajikistan,-2.6,1990
Turkmenistan,61.15,1990
East Timor,286.95,1990
Tonga,75.75,1990
Trinidad and Tobago,114.99,1990
Tunisia,87.68,1990
Turkey,173.54,1990
Taiwan,109.98,1990
Tanzania,213.44,1990
Uganda,253.53,1990
Ukraine,-77.69,1990
Uruguay,42.32,1990
United States,-4.0,1990
Uzbekistan,30.41,1990
Saint Vincent and the Grenadines,95.61,1990
Venezuela,-6.69,1990
British Virgin Islands,213.74,1990
Vietnam,401.93,1990
Vanuatu,41.88,1990
Samoa,118.67,1990
Yemen,84.19,1990
South Africa,28.29,1990
Zambia,96.91,1990
Zimbabwe,-9.69,1990
Air transport,88.52,1990
Sea transport,88.94,1990
Aruba,5.2,2023
Afghanistan,0.72,2023
Angola,1.87,2023
Anguilla,1.64,2023
Albania,2.6,2023
Curaçao,15.25,2023
United Arab Emirates,26.29,2023
Argentina,7.83,2023
Armenia,3.69,2023
Antigua and Barbuda,3.6,2023
Australia,21.75,2023
Austria,8.25,2023
Azerbaijan,6.06,2023
Burundi,0.54,2023
Belgium,9.05,2023
Benin,1.27,2023
Burkina Faso,1.52,2023
Bangladesh,1.61,2023
Bulgaria,7.86,2023
Bahrain,35.25,2023
Bahamas,4.92,2023
Bosnia and Herzegovina,8.46,2023
Belarus,9.01,2023
Belize,2.19,2023
Bermuda,6.31,2023
Bolivia,4.59,2023
Brazil,5.97,2023
Barbados,3.42,2023
Brunei,26.43,2023
Bhutan,3.78,2023
Botswana,5.01,2023
Central African Republic,2.38,2023
Canada,19.39,2023
Switzerland and Liechtenstein,4.91,2023
Chile,6.44,2023
China,11.11,2023
Ivory Coast,1.14,2023
Cameroon,1.41,2023
Democratic Republic of the Congo,0.57,2023
Congo,3.86,2023
Cook Islands,9.08,2023
Colombia,4.37,2023
Comoros,0.82,2023
Cape Verde,2.09,2023
Costa Rica,3.19,2023
Cuba,3.42,2023
Cayman Islands,5.91,2023
Cyprus,8.38,2023
Czech Republic,10.77,2023
Germany,8.26,2023
Djibouti,2.05,2023
Dominica,1.93,2023
Denmark,7.13,2023
Dominican Republic,4.23,2023
Algeria,5.68,2023
Ecuador,4.08,2023
Egypt,3.11,2023
Eritrea,1.1,2023
Western Sahara,1.07,2023
Spain and Andorra,6.15,2023
Estonia,11.14,2023
Ethiopia,1.41,2023
Finland,7.71,2023
Fiji,3.61,2023
Falkland Islands,57.46,2023
France and Monaco,5.81,2023
Faroe Islands,0.99,2023
Gabon,9.37,2023
United Kingdom,5.55,2023
Georgia,4.93,2023
Ghana,1.48,2023
Gibraltar,20.35,2023
Guinea,1.93,2023
Guadeloupe,3.26,2023
The Gambia,0.76,2023
Guinea-Bissau,1.4,2023
Equatorial Guinea,4.52,2023
Greece,6.29,2023
Grenada,1.81,2023
Greenland,11.36,2023
Guatemala,2.33,2023
French Guiana,1.76,2023
Guyana,10.2,2023
Hong Kong,5.23,2023
Honduras,2.26,2023
Croatia,6.18,2023
Haiti,1.16,2023
Hungary,6.4,2023
Indonesia,4.29,2023
India,2.9,2023
Ireland,11.58,2023
Iran,11.64,2023
Iraq,8.08,2023
Iceland,11.89,2023
Israel and State of Palestine,5.36,2023
"Italy, San Marino and Holy See",6.36,2023
Jamaica,2.79,2023
Jordan,3.19,2023
Japan,8.31,2023
Kazakhstan,16.6,2023
Kenya,1.88,2023
Kyrgyzstan,3.32,2023
Cambodia,2.81,2023
Kiribati,1.02,2023
Saint Kitts and Nevis,3.01,2023
South Korea,12.58,2023
Kuwait,37.45,2023
Laos,5.65,2023
Lebanon,4.27,2023
Liberia,0.82,2023
Libya,13.91,2023
Saint Lucia,2.47,2023
Sri Lanka,1.81,2023
Lesotho,1.08,2023
Lithuania,7.35,2023
Luxembourg,12.54,2023
Latvia,5.95,2023
Macao,4.57,2023
Morocco,2.78,2023
Moldova,3.41,2023
Madagascar,1.11,2023
Maldives,6.45,2023
Mexico,5.15,2023
North Macedonia,5.44,2023
Mali,2.05,2023
Malta,4.65,2023
Myanmar,2.05,2023
Mongolia,25.14,2023
Mozambique,0.97,2023
Mauritania,3.2,2023
Martinique,3.16,2023
Mauritius,4.84,2023
Malawi,0.89,2023
Malaysia,9.53,2023
Namibia,4.5,2023
New Caledonia,22.27,2023
Niger,1.57,2023
Nigeria,1.73,2023
Nicaragua,3.12,2023
Netherlands,8.7,2023
Norway,10.12,2023
Nepal,1.82,2023
New Zealand,16.99,2023
Oman,23.43,2023
Pakistan,2.43,2023
Panama,4.76,2023
Peru,2.73,2023
Philippines,2.24,2023
Palau,65.29,2023
Papua New Guinea,1.04,2023
Poland,9.67,2023
Puerto Rico,4.42,2023
North Korea,3.45,2023
Portugal,5.24,2023
Paraguay,5.69,2023
French Polynesia,4.66,2023
Qatar,52.57,2023
Réunion,3.19,2023
Romania,5.54,2023
Russia,18.66,2023
Rwanda,0.54,2023
Saudi Arabia,22.17,2023
Serbia and Montenegro,7.28,2023
Sudan and South Sudan,2.23,2023
Senegal,1.55,2023
Singapore,12.22,2023
"Saint Helena, Ascension and Tristan da Cunha",5.32,2023
Solomon Islands,1.05,2023
Sierra Leone,0.81,2023
El Salvador,1.98,2023
Somalia,1.85,2023
Saint Pierre and Miquelon,6.65,2023
São Tomé and Príncipe,1.3,2023
Suriname,6.32,2023
Slovakia,8.22,2023
Slovenia,7.69,2023
Sweden,4.76,2023
Eswatini,2.18,2023
Seychelles,13.8,2023
Syria,1.92,2023
Turks and Caicos Islands,2.9,2023
Chad,5.37,2023
Togo,1.18,2023
Thailand,6.33,2023
Tajikistan,2.14,2023
Turkmenistan,15.73,2023
East Timor,1.36,2023
Tonga,3.03,2023
Trinidad and Tobago,24.76,2023
Tunisia,3.56,2023
Turkey,7.1,2023
Taiwan,12.85,2023
Tanzania,1.31,2023
Uganda,1.03,2023
Ukraine,5.04,2023
Uruguay,11.8,2023
United States,17.61,2023
Uzbekistan,6.23,2023
Saint Vincent and the Grenadines,1.36,2023
Venezuela,4.44,2023
British Virgin Islands,2.68,2023
Vietnam,5.19,2023
Vanuatu,2.15,2023
Samoa,3.17,2023
Yemen,1.0,2023
South Africa,8.61,2023
Zambia,1.5,2023
Zimbabwe,1.65,2023
Air transport,,2023
Sea transport,,2023
